YYYY,MM,Sample Date,Station,Limacina density,AragoniteSat(40m),NPGO,PDO,ONI
1996,5,5/21/1996,NH05,17.3167864,,-1.27,2.18,-0.2
1996,6,6/11/1996,NH05,0,,-1.06,1.1,-0.2
1996,7,7/11/1996,NH05,0,,-0.88,0.77,-0.2
1996,7,7/25/1996,NH05,0,,-0.88,0.77,-0.2
1996,8,8/12/1996,NH05,6.028807117,,-0.75,-0.14,-0.3
1996,8,8/26/1996,NH05,0,,-0.75,-0.14,-0.3
1996,9,9/5/1996,NH05,0,,-0.93,0.24,-0.3
1996,9,9/19/1996,NH05,0,,-0.93,0.24,-0.3
1996,10,10/7/1996,NH05,0,,-1.04,-0.33,-0.4
1996,10,10/31/1996,NH05,0,,-1.04,-0.33,-0.4
1996,11,11/26/1996,NH05,4.629072657,,-1.1,0.09,-0.4
1996,12,12/19/1996,NH05,0,,-1.35,-0.03,-0.5
1997,2,2/24/1997,NH05,0,,-1.11,0.28,-0.4
1997,3,3/21/1997,NH05,0,,-0.62,0.65,-0.2
1997,4,4/4/1997,NH05,13.36904349,,-0.51,1.05,0.1
1997,4,4/25/1997,NH05,0,,-0.51,1.05,0.1
1997,5,5/5/1997,NH05,0,,-0.88,1.83,0.6
1997,5,5/15/1997,NH05,0,,-0.88,1.83,0.6
1997,5,5/28/1997,NH05,23.88522262,,-0.88,1.83,0.6
1997,6,6/11/1997,NH05,0,,-0.94,2.76,1
1997,6,6/27/1997,NH05,0,,-0.94,2.76,1
1997,7,7/15/1997,NH05,7.350799125,,-0.77,2.35,1.4
1997,7,7/17/1997,NH05,0,,-0.77,2.35,1.4
1997,7,7/23/1997,NH05,0,,-0.77,2.35,1.4
1997,7,7/29/1997,NH05,0,,-0.77,2.35,1.4
1997,7,7/30/1997,NH05,0,,-0.77,2.35,1.4
1997,8,8/6/1997,NH05,0,,-0.79,2.79,1.7
1997,8,8/12/1997,NH05,0,,-0.79,2.79,1.7
1997,8,8/14/1997,NH05,4.123044381,,-0.79,2.79,1.7
1997,8,8/21/1997,NH05,0,,-0.79,2.79,1.7
1997,8,8/27/1997,NH05,20.95476674,,-0.79,2.79,1.7
1997,8,8/28/1997,NH05,7.841563653,,-0.79,2.79,1.7
1997,9,9/2/1997,NH05,23.08904853,,-0.48,2.19,2
1997,9,9/9/1997,NH05,2.73166208,,-0.48,2.19,2
1997,10,10/15/1997,NH05,0,,-0.59,1.61,2.2
1997,11,11/3/1997,NH05,12.52287378,,0.17,1.12,2.3
1997,11,11/15/1997,NH05,26.40195076,,0.17,1.12,2.3
1997,12,12/12/1997,NH05,0,,0.26,0.67,2.3
1998,1,1/30/1998,NH05,19.89195285,,0.53,0.83,2.1
1998,3,3/5/1998,NH05,0,,0.89,2.01,1.4
1998,3,3/18/1998,NH05,0,,0.89,2.01,1.4
1998,4,4/5/1998,NH05,0,,0.52,1.27,1
1998,4,4/10/1998,NH05,0,,0.52,1.27,1
1998,4,4/21/1998,NH05,0,,0.52,1.27,1
1998,4,4/29/1998,NH05,0,,0.52,1.27,1
1998,5,5/12/1998,NH05,62.64159254,,0.28,0.7,0.5
1998,5,5/27/1998,NH05,5.654460865,,0.28,0.7,0.5
1998,6,6/2/1998,NH05,59.3141574,,0.12,0.4,-0.1
1998,6,6/12/1998,NH05,63.93890363,,0.12,0.4,-0.1
1998,6,6/23/1998,NH05,138.6102403,,0.12,0.4,-0.1
1998,7,7/6/1998,NH05,41.26072305,,0.39,-0.04,-0.7
1998,7,7/20/1998,NH05,22.49905369,,0.39,-0.04,-0.7
1998,7,7/28/1998,NH05,0,,0.39,-0.04,-0.7
1998,8,8/6/1998,NH05,212.2262071,,0.27,-0.22,-1
1998,8,8/14/1998,NH05,118.2807394,0.763582778,0.27,-0.22,-1
1998,8,8/27/1998,NH05,109.5192032,,0.27,-0.22,-1
1998,9,9/10/1998,NH05,111.52184,,0.04,-1.21,-1.2
1998,9,9/20/1998,NH05,304.7626109,,0.04,-1.21,-1.2
1998,9,9/26/1998,NH05,49.0739238,0.936363627,0.04,-1.21,-1.2
1998,9,9/26/1998,NH05,194.1922588,,0.04,-1.21,-1.2
1998,10,10/5/1998,NH05,1138.452076,,0.1,-1.39,-1.2
1998,11,11/3/1998,NH05,29.33550085,,0.72,-0.52,-1.3
1998,11,11/16/1998,NH05,3.12530409,1.467826923,0.72,-0.52,-1.3
1998,12,12/17/1998,NH05,1.575460669,,0.77,-0.44,-1.4
1999,2,2/17/1999,NH05,7.576211958,,2.3,-0.66,-1.2
1999,3,3/11/1999,NH05,0,,1.97,-0.33,-1
1999,4,4/1/1999,NH05,4.928364143,,1.65,-0.41,-0.9
1999,4,4/19/1999,NH05,0,1.041740995,1.65,-0.41,-0.9
1999,4,4/29/1999,NH05,0,,1.65,-0.41,-0.9
1999,5,5/14/1999,NH05,0,,1.6,-0.68,-0.9
1999,5,5/23/1999,NH05,4.376413195,,1.6,-0.68,-0.9
1999,6,6/10/1999,NH05,0,,1.91,-1.3,-1
1999,6,6/23/1999,NH05,0,,1.91,-1.3,-1
1999,7,7/3/1999,NH05,14.26088292,0.659979596,1.38,-0.66,-1
1999,7,7/9/1999,NH05,12.99919576,0.679411159,1.38,-0.66,-1
1999,7,7/15/1999,NH05,3.107311092,,1.38,-0.66,-1
1999,7,7/19/1999,NH05,0,,1.38,-0.66,-1
1999,7,7/26/1999,NH05,11.86948082,,1.38,-0.66,-1
1999,8,8/5/1999,NH05,0,,1.43,-0.96,-1
1999,8,8/19/1999,NH05,0,,1.43,-0.96,-1
1999,9,9/1/1999,NH05,0,,1.3,-1.53,-1.1
1999,9,9/8/1999,NH05,0,,1.3,-1.53,-1.1
1999,9,9/22/1999,NH05,0,0.805470641,1.3,-1.53,-1.1
1999,9,9/29/1999,NH05,0,,1.3,-1.53,-1.1
1999,10,10/15/1999,NH05,16.15037074,,1.18,-2.23,-1.2
1999,11,11/4/1999,NH05,0,,1.32,-2.05,-1.4
1999,12,12/20/1999,NH05,58.77212354,,1.05,-1.63,-1.6
2000,1,1/20/2000,NH05,0,,1.4,-2,-1.6
2000,2,2/1/2000,NH05,0,1.720905703,2.12,-0.83,-1.4
2000,2,2/16/2000,NH05,3.242291922,,2.12,-0.83,-1.4
2000,3,3/7/2000,NH05,0,,2.15,0.29,-1.1
2000,4,4/6/2000,NH05,0,,2.37,0.35,-0.9
2000,4,4/11/2000,NH05,19.24087378,,2.37,0.35,-0.9
2000,4,4/30/2000,NH05,0,,2.37,0.35,-0.9
2000,5,5/17/2000,NH05,0,,2.22,-0.05,-0.7
2000,5,5/22/2000,NH05,2.719376827,,2.22,-0.05,-0.7
2000,6,6/3/2000,NH05,0,,2.1,-0.44,-0.7
2000,6,6/12/2000,NH05,0,,2.1,-0.44,-0.7
2000,6,6/17/2000,NH05,0,,2.1,-0.44,-0.7
2000,6,6/18/2000,NH05,0,,2.1,-0.44,-0.7
2000,6,6/23/2000,NH05,0,,2.1,-0.44,-0.7
2000,7,7/7/2000,NH05,0,0.623699253,1.66,-0.66,-0.6
2000,7,7/19/2000,NH05,10.13665545,,1.66,-0.66,-0.6
2000,8,8/4/2000,NH05,0,,1.35,-1.19,-0.5
2000,8,8/12/2000,NH05,0,,1.35,-1.19,-0.5
2000,8,8/18/2000,NH05,0,,1.35,-1.19,-0.5
2000,8,8/28/2000,NH05,0,,1.35,-1.19,-0.5
2000,9,9/7/2000,NH05,0,0.6725702,1.38,-1.24,-0.6
2000,9,9/23/2000,NH05,0,,1.38,-1.24,-0.6
2000,9,9/25/2000,NH05,66.6283972,,1.38,-1.24,-0.6
2000,10,10/6/2000,NH05,0,,1.7,-1.3,-0.7
2000,10,10/23/2000,NH05,137.9213076,,1.7,-1.3,-0.7
2000,11,11/7/2000,NH05,22.87275768,,2.01,-0.53,-0.8
2000,12,12/6/2000,NH05,14.94974365,,2.16,0.52,-0.8
2001,1,1/16/2001,NH05,52.03483133,,2.86,0.6,-0.7
2001,1,1/27/2001,NH05,0,1.623627076,2.86,0.6,-0.7
2001,2,2/14/2001,NH05,7.916245211,,2.96,0.29,-0.6
2001,2,2/28/2001,NH05,13.62632372,,2.96,0.29,-0.6
2001,3,3/12/2001,NH05,0,,2.39,0.45,-0.5
2001,3,3/20/2001,NH05,0,1.900949601,2.39,0.45,-0.5
2001,4,4/3/2001,NH05,44.33097318,,2.2,-0.31,-0.3
2001,4,4/11/2001,NH05,29.2090373,,2.2,-0.31,-0.3
2001,4,4/25/2001,NH05,57.48310838,,2.2,-0.31,-0.3
2001,5,5/9/2001,NH05,12.15213081,,1.95,-0.3,-0.2
2001,5,5/18/2001,NH05,15.80668302,,1.95,-0.3,-0.2
2001,6,6/4/2001,NH05,0,,2.35,-0.47,-0.1
2001,6,6/13/2001,NH05,0,0.876663104,2.35,-0.47,-0.1
2001,6,6/16/2001,NH05,0,,2.35,-0.47,-0.1
2001,6,6/26/2001,NH05,0,,2.35,-0.47,-0.1
2001,7,7/1/2001,NH05,0,,1.5,-1.31,0
2001,7,7/6/2001,NH05,0,0.731657842,1.5,-1.31,0
2001,7,7/18/2001,NH05,0,,1.5,-1.31,0
2001,7,7/30/2001,NH05,0,,1.5,-1.31,0
2001,8,8/5/2001,NH05,0,,1.92,-0.77,-0.1
2001,8,8/9/2001,NH05,0,,1.92,-0.77,-0.1
2001,8,8/24/2001,NH05,0,,1.92,-0.77,-0.1
2001,9,9/5/2001,NH05,0,,1.89,-1.37,-0.1
2001,9,9/18/2001,NH05,7.448080172,,1.89,-1.37,-0.1
2001,9,9/25/2001,NH05,0,,1.89,-1.37,-0.1
2001,9,9/28/2001,NH05,0,,1.89,-1.37,-0.1
2001,10,10/2/2001,NH05,0,,1.16,-1.37,-0.2
2001,10,10/29/2001,NH05,96.47923851,,1.16,-1.37,-0.2
2001,11,11/7/2001,NH05,58.95076221,,1.76,-1.26,-0.3
2001,11,11/27/2001,NH05,10.60211412,1.899615526,1.76,-1.26,-0.3
2002,1,1/14/2002,NH05,0,,1.86,0.27,-0.2
2002,1,1/29/2002,NH05,0,,1.86,0.27,-0.2
2002,2,2/19/2002,NH05,7.052654825,,2.18,-0.64,-0.1
2002,3,3/4/2002,NH05,0,,1.9,-0.43,0.1
2002,3,3/20/2002,NH05,0,,1.9,-0.43,0.1
2002,3,3/27/2002,NH05,6.443455405,,1.9,-0.43,0.1
2002,4,4/4/2002,NH05,0,,0.9,-0.32,0.2
2002,4,4/18/2002,NH05,253.1943731,,0.9,-0.32,0.2
2002,4,4/30/2002,NH05,7.448080172,,0.9,-0.32,0.2
2002,5,5/9/2002,NH05,12.61313729,,1.1,-0.63,0.4
2002,5,5/20/2002,NH05,0,,1.1,-0.63,0.4
2002,5,5/29/2002,NH05,0,,1.1,-0.63,0.4
2002,6,6/4/2002,NH05,0,,1.61,-0.35,0.7
2002,6,6/5/2002,NH05,0,,1.61,-0.35,0.7
2002,6,6/6/2002,NH05,0,,1.61,-0.35,0.7
2002,6,6/7/2002,NH05,43.87963975,,1.61,-0.35,0.7
2002,6,6/8/2002,NH05,0,,1.61,-0.35,0.7
2002,6,6/8/2002,NH05,0,,1.61,-0.35,0.7
2002,6,6/17/2002,NH05,0,,1.61,-0.35,0.7
2002,6,6/21/2002,NH05,0,,1.61,-0.35,0.7
2002,7,7/3/2002,NH05,15.68312731,,1.38,-0.31,0.8
2002,7,7/9/2002,NH05,0,0.476197598,1.38,-0.31,0.8
2002,7,7/23/2002,NH05,0,,1.38,-0.31,0.8
2002,7,7/31/2002,NH05,0,,1.38,-0.31,0.8
2002,8,8/9/2002,NH05,0,,0.81,0.6,0.9
2002,8,8/18/2002,NH05,0,,0.81,0.6,0.9
2002,8,8/30/2002,NH05,0,,0.81,0.6,0.9
2002,9,9/27/2002,NH05,0,,0.82,0.43,1
2002,10,10/3/2002,NH05,0,,0.82,0.42,1.2
2002,10,10/15/2002,NH05,0,,0.82,0.42,1.2
2002,11,11/1/2002,NH05,0,,1.66,1.51,1.3
2002,11,11/15/2002,NH05,59.9839199,,1.66,1.51,1.3
2002,12,12/4/2002,NH05,28.97449123,,2.64,2.1,1.1
2003,1,1/9/2003,NH05,1.211228732,,1.97,2.09,0.9
2003,2,2/6/2003,NH05,0,,0.99,1.75,0.6
2003,2,2/14/2003,NH05,4.947653257,1.562707682,0.99,1.75,0.6
2003,2,2/25/2003,NH05,16.63858328,,0.99,1.75,0.6
2003,3,3/24/2003,NH05,10.93691773,,1.49,1.51,0.4
2003,4,4/1/2003,NH05,13.61144783,1.778072076,1.1,1.18,0
2003,4,4/16/2003,NH05,0,,1.1,1.18,0
2003,4,4/30/2003,NH05,3.808414488,,1.1,1.18,0
2003,5,5/6/2003,NH05,8.730661203,,0.92,0.89,-0.2
2003,5,5/21/2003,NH05,4.480063947,,0.92,0.89,-0.2
2003,6,6/5/2003,NH05,0,,0.78,0.68,-0.1
2003,6,6/25/2003,NH05,0,,0.78,0.68,-0.1
2003,7,7/2/2003,NH05,4.872472405,,1.2,0.96,0.1
2003,7,7/2/2003,NH05,0,,1.2,0.96,0.1
2003,7,7/17/2003,NH05,10.6897398,,1.2,0.96,0.1
2003,7,7/24/2003,NH05,0,,1.2,0.96,0.1
2003,8,8/5/2003,NH05,8.451290013,,0.78,0.88,0.2
2003,8,8/20/2003,NH05,33.74834466,,0.78,0.88,0.2
2003,8,8/23/2003,NH05,41.11438385,,0.78,0.88,0.2
2003,9,9/4/2003,NH05,0,,0.87,0.01,0.3
2003,9,9/17/2003,NH05,0,,0.87,0.01,0.3
2003,9,9/26/2003,NH05,3.765795403,0.633823741,0.87,0.01,0.3
2003,10,10/3/2003,NH05,20.31689044,,1.29,0.83,0.4
2003,10,10/23/2003,NH05,16.6996331,,1.29,0.83,0.4
2003,11,11/3/2003,NH05,3.127349495,,-0.11,0.52,0.4
2004,1,1/15/2004,NH05,4.546211015,,0.27,0.43,0.3
2004,1,1/21/2004,NH05,20.9693662,,0.27,0.43,0.3
2004,2,2/4/2004,NH05,2.381576833,,0.67,0.48,0.2
2004,3,3/2/2004,NH05,5.045546094,,0.38,0.61,0.1
2004,3,3/16/2004,NH05,0,,0.38,0.61,0.1
2004,3,3/31/2004,NH05,6.487130693,,0.38,0.61,0.1
2004,4,4/28/2004,NH05,17.63747417,,0.13,0.57,0.1
2004,5,5/10/2004,NH05,15.50695359,,0.21,0.88,0.2
2004,5,5/11/2004,NH05,34.48637235,,0.21,0.88,0.2
2004,5,5/13/2004,NH05,28.01376266,,0.21,0.88,0.2
2004,5,5/25/2004,NH05,33.64937591,,0.21,0.88,0.2
2004,6,6/7/2004,NH05,27.85871021,,0.78,0.04,0.3
2004,6,6/21/2004,NH05,17.33049344,,0.78,0.04,0.3
2004,6,6/26/2004,NH05,20.14705088,0.757149105,0.78,0.04,0.3
2004,6,6/29/2004,NH05,25.21718122,,0.78,0.04,0.3
2004,7,7/6/2004,NH05,0,,0.41,0.44,0.5
2004,7,7/19/2004,NH05,5.722484664,,0.41,0.44,0.5
2004,7,7/28/2004,NH05,5.753525728,0.583217312,0.41,0.44,0.5
2004,8,8/2/2004,NH05,0,,0.69,0.85,0.7
2004,8,8/8/2004,NH05,0,,0.69,0.85,0.7
2004,8,8/17/2004,NH05,13.27427703,,0.69,0.85,0.7
2004,8,8/30/2004,NH05,5.876004215,0.864276923,0.69,0.85,0.7
2004,9,9/3/2004,NH05,8.699857367,0.695614521,0.38,0.75,0.7
2004,9,9/3/2004,NH05,0,,0.38,0.75,0.7
2004,9,9/16/2004,NH05,4.08933373,0.882224389,0.38,0.75,0.7
2004,9,9/29/2004,NH05,6.160197093,,0.38,0.75,0.7
2004,10,10/14/2004,NH05,1.323529873,,0.04,-0.11,0.7
2004,10,10/28/2004,NH05,0,,0.04,-0.11,0.7
2004,11,11/7/2004,NH05,0,,-0.44,-0.63,0.7
2004,11,11/22/2004,NH05,0,,-0.44,-0.63,0.7
2004,12,12/20/2004,NH05,0,,-0.99,-0.17,0.7
2005,1,1/25/2005,NH05,0,,-1.66,0.44,0.6
2005,2,2/2/2005,NH05,0,,-1.49,0.81,0.6
2005,2,2/23/2005,NH05,0,,-1.49,0.81,0.6
2005,3,3/18/2005,NH05,0,,-1.49,1.36,0.5
2005,4,4/14/2005,NH05,3.029480915,,-1.69,1.03,0.5
2005,4,4/27/2005,NH05,0,,-1.69,1.03,0.5
2005,5,5/11/2005,NH05,5.445126451,,-0.79,1.86,0.4
2005,5,5/28/2005,NH05,0,,-0.79,1.86,0.4
2005,6,6/7/2005,NH05,2.132568431,,-1.28,1.17,0.2
2005,6,6/18/2005,NH05,0,,-1.28,1.17,0.2
2005,6,6/22/2005,NH05,0,,-1.28,1.17,0.2
2005,7,7/6/2005,NH05,0,,-1.66,0.66,0.1
2005,7,7/28/2005,NH05,0,,-1.66,0.66,0.1
2005,8,8/2/2005,NH05,0,,-1.13,0.25,0
2005,8,8/18/2005,NH05,0,,-1.13,0.25,0
2005,8,8/26/2005,NH05,0,,-1.13,0.25,0
2005,8,8/29/2005,NH05,0,,-1.13,0.25,0
2005,9,9/14/2005,NH05,13.84711364,0.626352566,-1.57,-0.46,0
2005,9,9/21/2005,NH05,0,,-1.57,-0.46,0
2005,9,9/28/2005,NH05,0,0.527663707,-1.57,-0.46,0
2005,10,10/21/2005,NH05,95.60816914,,-0.89,-1.32,-0.1
2005,11,11/15/2005,NH05,12.15185487,1.764868,-1.66,-1.5,-0.4
2005,12,12/5/2005,NH05,7.984367913,1.674513754,-1.25,0.2,-0.7
2006,2,2/15/2006,NH05,0,1.279282294,-1.07,0.66,-0.6
2006,3,3/28/2006,NH05,4.704841863,1.693433244,-0.71,0.05,-0.4
2006,4,4/5/2006,NH05,6.473328521,1.857084105,-0.57,0.4,-0.2
2006,4,4/18/2006,NH05,25.69648991,1.896671255,-0.57,0.4,-0.2
2006,4,4/26/2006,NH05,12.71477662,1.27947426,-0.57,0.4,-0.2
2006,5,5/3/2006,NH05,0,0.65438389,-0.12,0.48,0
2006,5,5/10/2006,NH05,2.579353159,0.641379933,-0.12,0.48,0
2006,5,5/15/2006,NH05,6.099143272,0.617834783,-0.12,0.48,0
2006,5,5/30/2006,NH05,68.51445687,,-0.12,0.48,0
2006,6,6/7/2006,NH05,110.2858348,1.160905932,-0.13,1.04,0.1
2006,6,6/13/2006,NH05,65.86696872,0.568128895,-0.13,1.04,0.1
2006,6,6/15/2006,NH05,46.70659717,0.879293888,-0.13,1.04,0.1
2006,6,6/28/2006,NH05,0,,-0.13,1.04,0.1
2006,6,6/29/2006,NH05,0,0.619004855,-0.13,1.04,0.1
2006,7,7/6/2006,NH05,7.951840019,0.746315866,-0.5,0.35,0.2
2006,7,7/13/2006,NH05,0,0.620009102,-0.5,0.35,0.2
2006,8,8/1/2006,NH05,0,0.517516409,-0.37,-0.65,0.3
2006,8,8/10/2006,NH05,0,0.605643226,-0.37,-0.65,0.3
2006,8,8/23/2006,NH05,0,0.646940293,-0.37,-0.65,0.3
2006,8,8/29/2006,NH05,0,0.678495208,-0.37,-0.65,0.3
2006,9,9/13/2006,NH05,0,0.65791689,-0.34,-0.94,0.5
2006,9,9/18/2006,NH05,0,0.697337098,-0.34,-0.94,0.5
2006,9,9/26/2006,NH05,0,0.537520654,-0.34,-0.94,0.5
2006,9,9/28/2006,NH05,40.31169657,0.446700447,-0.34,-0.94,0.5
2006,10,10/12/2006,NH05,0,0.683109185,-1.05,-0.05,0.8
2006,10,10/31/2006,NH05,0,0.716261246,-1.05,-0.05,0.8
2006,11,11/29/2006,NH05,10.64910415,1.817714603,-1,-0.22,0.9
2006,12,12/5/2006,NH05,3.64158115,1.755686269,-0.16,0.14,1
2007,1,1/12/2007,NH05,0,1.315800096,-0.41,0.01,0.7
2007,1,1/24/2007,NH05,0,1.092515031,-0.41,0.01,0.7
2007,2,2/13/2007,NH05,0,1.726306628,-0.14,0.04,0.3
2007,3,3/5/2007,NH05,0,1.717172346,-0.55,-0.36,0
2007,3,3/14/2007,NH05,0,1.716169634,-0.55,-0.36,0
2007,3,3/22/2007,NH05,36.97605475,1.612410729,-0.55,-0.36,0
2007,3,3/30/2007,NH05,0,0.728788438,-0.55,-0.36,0
2007,4,4/19/2007,NH05,0,1.100306221,0.26,0.16,-0.1
2007,5,5/4/2007,NH05,5.58749292,1.239030324,0.69,-0.1,-0.2
2007,5,5/15/2007,NH05,0,0.66763543,0.69,-0.1,-0.2
2007,5,5/30/2007,NH05,0,0.648114502,0.69,-0.1,-0.2
2007,6,6/12/2007,NH05,0,0.636878414,1.23,0.09,-0.2
2007,6,6/27/2007,NH05,0,0.612549226,1.23,0.09,-0.2
2007,6,6/28/2007,NH05,4.52798899,0.610875961,1.23,0.09,-0.2
2007,6,6/30/2007,NH05,0,,1.23,0.09,-0.2
2007,7,7/3/2007,NH05,0,0.666658001,1.23,0.78,-0.3
2007,7,7/14/2007,NH05,0,0.630562749,1.23,0.78,-0.3
2007,7,7/28/2007,NH05,0,0.56934449,1.23,0.78,-0.3
2007,8,8/7/2007,NH05,0,0.662371393,1.44,0.5,-0.6
2007,8,8/15/2007,NH05,0,0.659475802,1.44,0.5,-0.6
2007,8,8/30/2007,NH05,0,0.505774446,1.44,0.5,-0.6
2007,9,9/12/2007,NH05,0,0.590234212,0.91,-0.36,-0.8
2007,9,9/24/2007,NH05,0,0.717115201,0.91,-0.36,-0.8
2007,10,10/12/2007,NH05,5.916168974,1.240824206,1.27,-1.45,-1.1
2007,10,10/23/2007,NH05,0,1.599734726,1.27,-1.45,-1.1
2007,11,11/7/2007,NH05,0,0.773593425,0.73,-1.08,-1.2
2007,11,11/20/2007,NH05,0,1.670219965,0.73,-1.08,-1.2
2007,12,12/10/2007,NH05,0,1.56006653,0.46,-0.58,-1.3
2008,2,2/12/2008,NH05,0,1.671628096,1.14,-0.77,-1.3
2008,2,2/17/2008,NH05,0,1.311922323,1.14,-0.77,-1.3
2008,3,3/4/2008,NH05,0,1.678820364,1.37,-0.71,-1.1
2008,3,3/21/2008,NH05,12.38524074,1.617418973,1.37,-0.71,-1.1
2008,3,3/21/2008,NH05,0,,1.37,-0.71,-1.1
2008,3,3/31/2008,NH05,0,1.381481365,1.37,-0.71,-1.1
2008,4,4/12/2008,NH05,0,0.815577586,1.4,-1.52,-0.9
2008,4,4/22/2008,NH05,0,0.715710867,1.4,-1.52,-0.9
2008,5,5/1/2008,NH05,0,1.14878487,1.74,-1.37,-0.7
2008,5,5/9/2008,NH05,6.176493752,0.670289517,1.74,-1.37,-0.7
2008,5,5/21/2008,NH05,13.11821682,0.779852197,1.74,-1.37,-0.7
2008,5,5/27/2008,NH05,21.75939083,0.676019714,1.74,-1.37,-0.7
2008,6,6/11/2008,NH05,27.45108334,0.674608665,1.28,-1.34,-0.5
2008,6,6/24/2008,NH05,40.19955256,0.669047553,1.28,-1.34,-0.5
2008,6,6/29/2008,NH05,3.563718716,0.618172838,1.28,-1.34,-0.5
2008,7,7/1/2008,NH05,5.882375002,0.641165952,1.43,-1.67,-0.3
2008,7,7/12/2008,NH05,0,0.674825871,1.43,-1.67,-0.3
2008,7,7/18/2008,NH05,14.991861,0.890621779,1.43,-1.67,-0.3
2008,7,7/28/2008,NH05,7.693902252,0.768596438,1.43,-1.67,-0.3
2008,8,8/5/2008,NH05,0,0.686408578,2.14,-1.7,-0.2
2008,8,8/12/2008,NH05,12.07063307,0.913633828,2.14,-1.7,-0.2
2008,8,8/22/2008,NH05,6.992257078,1.004106471,2.14,-1.7,-0.2
2008,9,9/8/2008,NH05,0,0.690399306,2.23,-1.55,-0.2
2008,9,9/16/2008,NH05,0,0.81813987,2.23,-1.55,-0.2
2008,9,9/23/2008,NH05,0,0.999310951,2.23,-1.55,-0.2
2008,10,10/1/2008,NH05,0,1.171776248,1.77,-1.76,-0.3
2008,10,10/12/2008,NH05,38.31326586,1.548753275,1.77,-1.76,-0.3
2008,10,10/22/2008,NH05,29.94663529,1.035079568,1.77,-1.76,-0.3
2008,10,10/27/2008,NH05,0,0.789912216,1.77,-1.76,-0.3
2008,11,11/19/2008,NH05,3.325804328,1.758628241,1.97,-1.25,-0.5
2008,11,11/24/2008,NH05,3.705896251,1.868575018,1.97,-1.25,-0.5
2008,12,12/8/2008,NH05,8.085591821,1.63449435,0.45,-0.87,-0.7
2009,1,1/14/2009,NH05,1.520367638,1.661186678,0.72,-1.4,-0.8
2009,1,1/23/2009,NH05,2.432588221,1.532351724,0.72,-1.4,-0.8
2009,2,2/4/2009,NH05,53.46210985,1.459541564,0.91,-1.55,-0.7
2009,2,2/17/2009,NH05,60.29932883,1.474377439,0.91,-1.55,-0.7
2009,3,3/6/2009,NH05,0,1.714602462,0.33,-1.59,-0.4
2009,3,3/24/2009,NH05,0,1.681155382,0.33,-1.59,-0.4
2009,4,4/4/2009,NH05,0,0.78200009,0.42,-1.65,-0.1
2009,4,4/23/2009,NH05,0,0.703122859,0.42,-1.65,-0.1
2009,5,5/7/2009,NH05,27.79422319,1.604404343,0.55,-0.88,0.2
2009,5,5/16/2009,NH05,35.78106596,0.969738799,0.55,-0.88,0.2
2009,5,5/26/2009,NH05,6.352964773,0.65478292,0.55,-0.88,0.2
2009,6,6/2/2009,NH05,0,0.65168528,0.37,-0.31,0.4
2009,6,6/14/2009,NH05,0,0.698827075,0.37,-0.31,0.4
2009,6,6/30/2009,NH05,0,0.635851694,0.37,-0.31,0.4
2009,7,7/8/2009,NH05,0,0.617710019,0.56,-0.53,0.5
2009,7,7/12/2009,NH05,0,0.637584315,0.56,-0.53,0.5
2009,7,7/23/2009,NH05,0,0.582423361,0.56,-0.53,0.5
2009,7,7/28/2009,NH05,0,0.65903448,0.56,-0.53,0.5
2009,8,8/14/2009,NH05,0,0.656017123,0.72,0.09,0.6
2009,8,8/27/2009,NH05,0,0.764165821,0.72,0.09,0.6
2009,9,9/10/2009,NH05,6.176493752,0.776413212,0.98,0.52,0.7
2009,9,9/22/2009,NH05,9.122206157,1.094466855,0.98,0.52,0.7
2009,9,9/29/2009,NH05,0,0.708879389,0.98,0.52,0.7
2009,10,10/5/2009,NH05,8.209985541,0.759798123,1.15,0.27,1
2009,10,10/19/2009,NH05,0,1.702069844,1.15,0.27,1
2009,11,11/4/2009,NH05,0,1.685640379,1.05,-0.4,1.2
2009,11,11/10/2009,NH05,2.695197274,1.877267827,1.05,-0.4,1.2
2009,12,12/1/2009,NH05,2.736661847,1.504071817,1.06,0.08,1.3
2009,12,12/23/2009,NH05,0,1.629328738,1.06,0.08,1.3
2010,2,2/9/2010,NH05,0,1.786511046,1.84,0.82,1.1
2010,2,2/22/2010,NH05,0,1.747170097,1.84,0.82,1.1
2010,3,3/19/2010,NH05,0,1.416061147,1.65,0.44,0.8
2010,4,4/11/2010,NH05,5.867409706,1.596503499,1.18,0.78,0.5
2010,5,5/5/2010,NH05,0,0.784621395,1.87,0.62,0
2010,5,5/15/2010,NH05,0,0.714112533,1.87,0.62,0
2010,5,5/30/2010,NH05,29.41945597,1.3799244,1.87,0.62,0
2010,6,6/4/2010,NH05,79.07978198,1.829401219,1.24,-0.22,-0.4
2010,6,6/18/2010,NH05,12.96697545,0.806762165,1.24,-0.22,-0.4
2010,6,6/26/2010,NH05,5.57316733,0.7096389,1.24,-0.22,-0.4
2010,6,6/28/2010,NH05,0,0.721480474,1.24,-0.22,-0.4
2010,7,7/8/2010,NH05,0,,1.15,-1.05,-0.8
2010,7,7/15/2010,NH05,0,0.696738006,1.15,-1.05,-0.8
2010,7,7/20/2010,NH05,5.942024119,0.738374544,1.15,-1.05,-0.8
2010,7,7/29/2010,NH05,0,0.818843536,1.15,-1.05,-0.8
2010,8,8/7/2010,NH05,0,0.810249402,1.08,-1.27,-1.1
2010,8,8/10/2010,NH05,0,0.709502111,1.08,-1.27,-1.1
2010,8,8/18/2010,NH05,0,0.826731241,1.08,-1.27,-1.1
2010,9,9/3/2010,NH05,0,0.729880807,1,-1.61,-1.3
2010,9,9/9/2010,NH05,0,0.643321094,1,-1.61,-1.3
2010,9,9/20/2010,NH05,35.08726784,0.770224401,1,-1.61,-1.3
2010,9,9/28/2010,NH05,16.64046523,1.164759854,1,-1.61,-1.3
2010,10,10/6/2010,NH05,0,0.807127116,1.61,-1.06,-1.4
2010,10,10/19/2010,NH05,0,0.676696291,1.61,-1.06,-1.4
2010,11,11/4/2010,NH05,1.881092903,1.844358184,0.99,-0.82,-1.3
2010,11,11/24/2010,NH05,17.81353598,1.885795032,0.99,-0.82,-1.3
2011,1,1/10/2011,NH05,11.43585026,1.752865254,0.32,-0.92,-1.3
2011,1,1/25/2011,NH05,5.388044639,1.61102856,0.32,-0.92,-1.3
2011,2,2/10/2011,NH05,8.903972395,0.970407502,0.55,-0.83,-1.1
2011,2,2/26/2011,NH05,15.52712427,1.703846454,0.55,-0.83,-1.1
2011,3,3/23/2011,NH05,0,,1.2,-0.69,-0.8
2011,4,4/8/2011,NH05,0,1.577483255,0.6,-0.42,-0.6
2011,4,4/17/2011,NH05,9.09669907,1.799500062,0.6,-0.42,-0.6
2011,5,5/9/2011,NH05,0,0.787439494,1.39,-0.37,-0.3
2011,5,5/18/2011,NH05,0,0.690574753,1.39,-0.37,-0.3
2011,6,6/8/2011,NH05,464.2955205,0.91739566,1.11,-0.69,-0.2
2011,6,6/22/2011,NH05,17.15377539,0.646840999,1.11,-0.69,-0.2
2011,6,6/27/2011,NH05,180.5154727,0.632259849,1.11,-0.69,-0.2
2011,7,7/6/2011,NH05,21.94379162,0.794638282,1.04,-1.86,-0.3
2011,7,7/22/2011,NH05,0,0.573529122,1.04,-1.86,-0.3
2011,8,8/4/2011,NH05,0,0.660229249,1.04,-1.74,-0.5
2011,8,8/17/2011,NH05,0,0.587551761,1.04,-1.74,-0.5
2011,9,9/1/2011,NH05,0,0.527199862,1.33,-1.79,-0.7
2011,9,9/13/2011,NH05,0,0.678659521,1.33,-1.79,-0.7
2011,9,9/20/2011,NH05,0,0.688913082,1.33,-1.79,-0.7
2011,9,9/26/2011,NH05,0,1.363625818,1.33,-1.79,-0.7
2011,9,9/29/2011,NH05,0,1.947777149,1.33,-1.79,-0.7
2011,10,10/15/2011,NH05,2.809518751,1.349874475,1.2,-1.34,-0.9
2011,10,10/26/2011,NH05,0,0.844864847,1.2,-1.34,-0.9
2011,11,11/29/2011,NH05,6.11796928,1.779132711,0.37,-2.33,-0.9
2011,12,12/10/2011,NH05,0,1.123194902,0.13,-1.79,-0.8
2012,1,1/8/2012,NH05,30.49425203,1.656433237,0.83,-1.38,-0.7
2012,2,2/24/2012,NH05,8.403069148,1.565691565,0.86,-0.85,-0.6
2012,3,3/7/2012,NH05,0,1.070593542,1.12,-1.05,-0.5
2012,3,3/25/2012,NH05,0,1.603005297,1.12,-1.05,-0.5
2012,4,4/7/2012,NH05,0,1.620229039,1.93,-0.27,-0.4
2012,4,4/14/2012,NH05,0,1.729286704,1.93,-0.27,-0.4
2012,5,5/4/2012,NH05,4.829888797,1.573960544,1.63,-1.26,-0.3
2012,5,5/19/2012,NH05,0,0.737789731,1.63,-1.26,-0.3
2012,5,5/29/2012,NH05,11.60258301,0.717628345,1.63,-1.26,-0.3
2012,6,6/10/2012,NH05,10.71851784,1.134370029,1.94,-0.87,-0.1
2012,6,6/25/2012,NH05,22.04952162,,1.94,-0.87,-0.1
2012,6,6/28/2012,NH05,12.85000543,0.684948165,1.94,-0.87,-0.1
2012,7,7/7/2012,NH05,6.330624601,,1.86,-1.52,0.1
2012,7,7/20/2012,NH05,0,,1.86,-1.52,0.1
2012,7,7/20/2012,NH05,0,,1.86,-1.52,0.1
2012,8,8/7/2012,NH05,0,0.520012506,1.73,-1.93,0.3
2012,8,8/21/2012,NH05,0,0.742077392,1.73,-1.93,0.3
2012,9,9/6/2012,NH05,2.933107923,0.872561826,1.36,-2.21,0.4
2012,9,9/16/2012,NH05,0,0.539123381,1.36,-2.21,0.4
2012,9,9/29/2012,NH05,6.457104799,,1.36,-2.21,0.4
2012,10,10/7/2012,NH05,0,0.935198379,1.87,-0.79,0.4
2012,10,10/25/2012,NH05,0,1.804972689,1.87,-0.79,0.4
2012,11,11/13/2012,NH05,48.23332855,1.843726698,1.4,-0.59,0.2
2012,11,11/26/2012,NH05,0,1.83144852,1.4,-0.59,0.2
2012,12,12/30/2012,NH05,1.58265615,1.74319177,1.2,-0.48,-0.2
2013,1,1/14/2013,NH05,19.84457018,1.589147407,1.23,-0.14,-0.4
2013,2,2/14/2013,NH05,41.48508913,1.074574348,1.2,-0.43,-0.5
2013,3,3/1/2013,NH05,62.68852322,1.685760939,0.64,-0.63,-0.3
2013,3,3/3/2013,NH05,32.22347273,1.577049432,0.64,-0.63,-0.3
2013,3,3/10/2013,NH05,31.63230412,1.479789741,0.64,-0.63,-0.3
2013,3,3/18/2013,NH05,17.80922965,0.910999784,0.64,-0.63,-0.3
2013,4,4/1/2013,NH05,52.64033677,,0.48,-0.16,-0.2
2013,4,4/16/2013,NH05,44.51670585,0.753105957,0.48,-0.16,-0.2
2013,4,4/27/2013,NH05,12.81541532,0.623266587,0.48,-0.16,-0.2
2013,5,5/8/2013,NH05,40.11782187,0.651964862,0.85,0.08,-0.2
2013,5,5/30/2013,NH05,0,1.12594227,0.85,0.08,-0.2
2013,6,6/7/2013,NH05,0,0.61411466,0.73,-0.78,-0.2
2013,6,6/19/2013,NH05,7.908942026,0.629871279,0.73,-0.78,-0.2
2013,6,6/27/2013,NH05,5.78615534,1.50535979,0.73,-0.78,-0.2
2013,7,7/9/2013,NH05,9.649253888,0.558589538,0.45,-1.25,-0.2
2013,7,7/23/2013,NH05,0,,0.45,-1.25,-0.2
2013,7,7/29/2013,NH05,0,0.682604285,0.45,-1.25,-0.2
2013,8,8/9/2013,NH05,0,,0.56,-1.04,-0.2
2013,8,8/25/2013,NH05,18.02167779,0.629718194,0.56,-1.04,-0.2
2013,9,9/11/2013,NH05,0,0.771042426,0.39,-0.48,-0.2
2013,9,9/26/2013,NH05,0,1.853564783,0.39,-0.48,-0.2
2013,10,10/4/2013,NH05,5.302930477,1.711308254,-0.15,-0.87,-0.2
2013,10,10/22/2013,NH05,0,0.826065856,-0.15,-0.87,-0.2
2013,11,11/9/2013,NH05,0,1.487769281,-0.8,-0.11,-0.2
2013,11,11/22/2013,NH05,26.9123712,1.651736734,-0.8,-0.11,-0.2
2013,12,12/9/2013,NH05,3.712051435,1.222093954,-1.45,-0.41,-0.3
2014,1,1/16/2014,NH05,0,1.475096432,-0.39,0.3,-0.5
2014,2,2/4/2014,NH05,0,1.450871635,-0.27,0.38,-0.6
2014,2,2/23/2014,NH05,0,1.651288377,-0.27,0.38,-0.6
2014,3,3/31/2014,NH05,0,1.866988385,-0.45,0.97,-0.4
2014,4,4/8/2014,NH05,3.631034341,1.857020858,-0.62,1.13,-0.2
2014,4,4/25/2014,NH05,29.53420617,1.837037287,-0.62,1.13,-0.2
2014,5,5/6/2014,NH05,27.07302232,1.978767144,0.23,1.8,0
2014,5,5/19/2014,NH05,231.9268811,1.059170769,0.23,1.8,0
2014,6,6/11/2014,NH05,4.451847092,0.659503118,-0.42,0.82,0
2014,6,6/27/2014,NH05,0.471959916,0.765879086,-0.42,0.82,0
2014,7,7/6/2014,NH05,25.40732825,0.687936267,-0.13,0.7,0
2014,7,7/22/2014,NH05,0,0.706247629,-0.13,0.7,0
2014,8,8/6/2014,NH05,0,0.692552886,-0.55,0.67,0
2014,8,8/20/2014,NH05,0,0.832622169,-0.55,0.67,0
2014,9,9/7/2014,NH05,16.21744357,0.723940481,-0.78,1.08,0.2
2014,9,9/25/2014,NH05,6.241328849,1.648799562,-0.78,1.08,0.2
2014,9,9/30/2014,NH05,0,1.877386202,-0.78,1.08,0.2
2014,10,10/8/2014,NH05,0,1.215571028,0.42,1.49,0.4
2014,10,10/27/2014,NH05,0,2.015519801,0.42,1.49,0.4
2014,11,11/7/2014,NH05,0,2.013910453,0.31,1.72,0.6
2014,11,11/8/2014,NH05,0,1.975111253,0.31,1.72,0.6
2014,12,12/31/2014,NH05,0,1.790997902,-0.24,2.51,0.6
2015,1,1/6/2015,NH05,0,1.90077167,-1.11,2.45,0.5
2015,1,1/21/2015,NH05,0,1.944468003,-1.11,2.45,0.5
2015,1,1/31/2015,NH05,2.582618834,1.844785063,-1.11,2.45,0.5
2015,2,2/4/2015,NH05,0,1.78959221,-1.47,2.3,0.4
2015,2,2/18/2015,NH05,0,1.789105541,-1.47,2.3,0.4
2015,3,3/5/2015,NH05,0,1.142246046,-1.79,2,0.5
2015,3,3/26/2015,NH05,6.590845105,1.849636638,-1.79,2,0.5
2015,4,4/7/2015,NH05,0,1.45975401,-1.39,1.44,0.7
2015,4,4/27/2015,NH05,0,0.753213957,-1.39,1.44,0.7
2015,5,5/7/2015,NH05,0,0.72791228,-0.52,1.2,0.9
2015,5,5/13/2015,NH05,0,0.706844842,-0.52,1.2,0.9
2015,5,5/19/2015,NH05,25.41608952,0.864479608,-0.52,1.2,0.9
2015,6,6/10/2015,NH05,4.353452289,,-0.95,1.54,1
2015,6,6/16/2015,NH05,0,0.779343743,-0.95,1.54,1
2015,6,6/28/2015,NH05,0,0.824027039,-0.95,1.54,1
2015,7,7/3/2015,NH05,20.86272271,0.809369497,-1.06,1.84,1.2
2015,7,7/15/2015,NH05,13.14877463,1.067921814,-1.06,1.84,1.2
2015,7,7/26/2015,NH05,41.08992072,0.92255869,-1.06,1.84,1.2
2015,8,8/8/2015,NH05,126.6262605,1.029780299,-1.6,1.56,1.5
2015,8,8/10/2015,NH05,141.8172915,0.850407632,-1.6,1.56,1.5
2015,8,8/26/2015,NH05,347.4890996,0.801354639,-1.6,1.56,1.5
2015,9,9/3/2015,NH05,7.582288405,,-2.05,1.94,1.8
2015,9,9/16/2015,NH05,19.99867218,0.953948837,-2.05,1.94,1.8
2015,9,9/23/2015,NH05,147.2572875,1.014869714,-2.05,1.94,1.8
2015,9,9/29/2015,NH05,44.17988346,0.853824296,-2.05,1.94,1.8
2015,10,10/7/2015,NH05,89.59404811,1.008714877,-2.16,1.47,2.1
2015,10,10/13/2015,NH05,107.6204821,1.130263424,-2.16,1.47,2.1
2015,11,11/3/2015,NH05,2.488723648,1.700113191,-2.25,0.86,2.2
2016,1,1/8/2016,NH05,0,1.751042478,1.06,1.53,2.2
2016,1,1/23/2016,NH05,0,,1.06,1.53,2.2
2016,2,2/17/2016,NH05,0,,0.06,1.75,1.9
2016,3,3/11/2016,NH05,0,,0.7,2.4,1.5
2016,3,3/22/2016,NH05,0,,0.7,2.4,1.5
2016,3,3/26/2016,NH05,0,1.893789427,0.7,2.4,1.5
2016,4,4/18/2016,NH05,0,1.907384885,-0.17,2.62,1.1
2016,4,4/26/2016,NH05,0,1.6105506,-0.17,2.62,1.1
2016,4,4/28/2016,NH05,0,1.061640168,-0.17,2.62,1.1
2016,5,5/12/2016,NH05,0,0.78584876,-0.39,2.35,0.6
2016,5,5/24/2016,NH05,8.691930287,0.793151045,-0.39,2.35,0.6
2016,6,6/12/2016,NH05,8.437660181,0.792638514,-0.07,2.03,0
2016,6,6/23/2016,NH05,16.12758951,,-0.07,2.03,0
2016,6,6/29/2016,NH05,4.10149781,0.622855848,-0.07,2.03,0
2016,7,7/7/2016,NH05,14.35242679,0.632649041,-0.01,1.25,-0.3
2016,8,8/1/2016,NH05,4.123095136,0.704082783,-0.34,0.52,-0.6
2016,8,8/23/2016,NH05,6.483601894,0.716430606,-0.34,0.52,-0.6
2016,9,9/6/2016,NH05,162.0566435,0.9662524,-0.87,0.45,-0.7
2016,9,9/20/2016,NH05,219.550549,0.585127426,-0.87,0.45,-0.7
2016,10,10/11/2016,NH05,162.3487502,1.359395476,0.05,0.56,-0.7
2016,11,11/18/2016,NH05,50.78739636,2.040536002,1.37,1.88,-0.7
2016,12,12/6/2016,NH05,1.424591011,1.925517588,-1.5,1.17,-0.6
2017,1,1/12/2017,NH05,32.8164735,1.664033492,-0.61,0.77,-0.3
2017,2,2/1/2017,NH05,2.214123298,1.639760278,-0.44,0.7,-0.1
2017,2,2/17/2017,NH05,0,1.769971328,-0.44,0.7,-0.1
2017,2,2/25/2017,NH05,16.88005335,1.799754566,-0.44,0.7,-0.1
2017,3,3/20/2017,NH05,20.24776992,1.777249321,,0.74,0.1
2017,4,4/11/2017,NH05,3.920707716,1.81719265,,1.12,0.3
2017,4,4/27/2017,NH05,17.37586374,1.848700731,,1.12,0.3
2017,5,5/21/2017,NH05,0,0.757236882,,0.88,0.4
2017,6,6/12/2017,NH05,17.39983146,0.928246846,,0.79,0.4
2017,7,7/6/2017,NH05,29.78374447,0.677050082,,0.1,0.1
2017,7,7/12/2017,NH05,55.04673951,0.707899223,,0.1,0.1
2017,7,7/27/2017,NH05,18.92231671,0.594127663,,0.1,0.1
2017,8,8/8/2017,NH05,4.36878885,0.618681509,,0.09,-0.2
2017,9,9/6/2017,NH05,68.80842439,0.498259183,,0.32,-0.4
2017,9,9/22/2017,NH05,110.2270876,1.126602859,,0.32,-0.4
2017,10,10/4/2017,NH05,62.55310947,0.861757932,,0.05,-0.7
2017,10,10/26/2017,NH05,40.77536172,1.733973366,,0.05,-0.7
2017,11,11/6/2017,NH05,27.12046874,1.283030955,,0.15,-0.9
2017,12,12/4/2017,NH05,5.664321676,1.746089247,,0.5,-1
2017,12,12/18/2017,NH05,5.385424938,1.434691308,,0.5,-1
2018,2,2/6/2018,NH05,21.95596321,1.599752612,,0.37,-0.8
2018,2,2/27/2018,NH05,0,1.089158805,,0.37,-0.8
2018,3,3/5/2018,NH05,31.06526419,1.73916464,,-0.05,-0.6
2018,3,3/18/2018,NH05,116.4372124,,,-0.05,-0.6
2018,4,4/9/2018,NH05,486.8921975,1.821121312,,0.11,-0.4
2018,4,4/23/2018,NH05,19.18586942,0.760893402,,0.11,-0.4
2018,5,5/7/2018,NH05,47.13769532,0.804497771,,0.11,-0.1
2018,5,5/21/2018,NH05,59.68936938,0.673049282,,0.11,-0.1
2018,5,5/29/2018,NH05,0,,,0.11,-0.1
2018,6,6/6/2018,NH05,62.04792106,0.674879961,,-0.04,
2018,7,7/10/2018,NH05,0,0.655680786,,0.11,
2018,7,7/17/2018,NH05,0,0.56055695,,0.11,
1998,1,1/30/1998,NH25,1.040742135,,0.53,0.83,2.1
1998,4,4/4/1998,NH25,0,,0.52,1.27,1
1998,6,6/3/1998,NH25,93.86240061,,0.12,0.4,-0.1
1998,8,8/6/1998,NH25,30.25986847,,0.27,-0.22,-1
1998,8,8/13/1998,NH25,16.00448149,,0.27,-0.22,-1
1998,9,9/21/1998,NH25,3.79152722,,0.04,-1.21,-1.2
1998,9,9/24/1998,NH25,4.312318625,,0.04,-1.21,-1.2
1998,11,11/16/1998,NH25,0,,0.72,-0.52,-1.3
1999,2,2/17/1999,NH25,0,,2.3,-0.66,-1.2
1999,4,4/19/1999,NH25,0,,1.65,-0.41,-0.9
1999,7,7/3/1999,NH25,5.176006484,,1.38,-0.66,-1
1999,7,7/9/1999,NH25,3.067775679,1.554538683,1.38,-0.66,-1
1999,9,9/23/1999,NH25,1.90294356,1.558768156,1.3,-1.53,-1.1
1999,9,9/30/1999,NH25,11.43701591,,1.3,-1.53,-1.1
1999,11,11/3/1999,NH25,0,,1.32,-2.05,-1.4
2000,2,2/1/2000,NH25,0,,2.12,-0.83,-1.4
2000,3,3/28/2000,NH25,0,,2.15,0.29,-1.1
2000,4,4/12/2000,NH25,0,1.735817779,2.37,0.35,-0.9
2000,6,6/3/2000,NH25,0,,2.1,-0.44,-0.7
2000,6,6/12/2000,NH25,0,,2.1,-0.44,-0.7
2000,6,6/18/2000,NH25,0,,2.1,-0.44,-0.7
2000,7,7/7/2000,NH25,62.2768832,,1.66,-0.66,-0.6
2000,8,8/4/2000,NH25,0,,1.35,-1.19,-0.5
2000,9,9/7/2000,NH25,0,,1.38,-1.24,-0.6
2001,1,1/27/2001,NH25,0,,2.86,0.6,-0.7
2001,3,3/12/2001,NH25,0,,2.39,0.45,-0.5
2001,3,3/20/2001,NH25,0.047033248,,2.39,0.45,-0.5
2001,4,4/11/2001,NH25,8.043926586,,2.2,-0.31,-0.3
2001,5,5/18/2001,NH25,0,,1.95,-0.3,-0.2
2001,6,6/4/2001,NH25,0,,2.35,-0.47,-0.1
2001,6,6/26/2001,NH25,21.87383545,,2.35,-0.47,-0.1
2001,7,7/6/2001,NH25,5.801562956,,1.5,-1.31,0
2001,7,7/18/2001,NH25,4.661315316,,1.5,-1.31,0
2001,7,7/30/2001,NH25,0,,1.5,-1.31,0
2001,8,8/5/2001,NH25,0,,1.92,-0.77,-0.1
2001,9,9/5/2001,NH25,0,,1.89,-1.37,-0.1
2001,9,9/18/2001,NH25,0,,1.89,-1.37,-0.1
2001,11,11/7/2001,NH25,0,,1.76,-1.26,-0.3
2001,11,11/27/2001,NH25,4.97552736,,1.76,-1.26,-0.3
2002,1,1/14/2002,NH25,0,,1.86,0.27,-0.2
2002,1,1/29/2002,NH25,0,,1.86,0.27,-0.2
2002,2,2/20/2002,NH25,0,1.769867955,2.18,-0.64,-0.1
2002,3,3/4/2002,NH25,10.03720148,,1.9,-0.43,0.1
2002,3,3/27/2002,NH25,0,,1.9,-0.43,0.1
2002,4,4/4/2002,NH25,65.19260762,,0.9,-0.32,0.2
2002,4,4/30/2002,NH25,0,,0.9,-0.32,0.2
2002,5,5/9/2002,NH25,0,,1.1,-0.63,0.4
2002,5,5/30/2002,NH25,251.3232716,,1.1,-0.63,0.4
2002,6,6/8/2002,NH25,121.4927557,,1.61,-0.35,0.7
2002,6,6/17/2002,NH25,0,,1.61,-0.35,0.7
2002,6,6/21/2002,NH25,10.06627718,,1.61,-0.35,0.7
2002,7,7/10/2002,NH25,0,1.2656715,1.38,-0.31,0.8
2002,7,7/23/2002,NH25,0,,1.38,-0.31,0.8
2002,8,8/1/2002,NH25,0,,0.81,0.6,0.9
2002,8,8/8/2002,NH25,0,,0.81,0.6,0.9
2002,8,8/9/2002,NH25,0,,0.81,0.6,0.9
2002,8,8/18/2002,NH25,0,,0.81,0.6,0.9
2002,9,9/28/2002,NH25,4.455160973,1.469542959,0.82,0.43,1
2002,10,10/15/2002,NH25,0,,0.82,0.42,1.2
2002,11,11/1/2002,NH25,0,,1.66,1.51,1.3
2002,12,12/3/2002,NH25,0,,2.64,2.1,1.1
2003,1,1/9/2003,NH25,2.18968848,,1.97,2.09,0.9
2003,2,2/6/2003,NH25,0,,0.99,1.75,0.6
2003,2,2/14/2003,NH25,0,,0.99,1.75,0.6
2003,2,2/25/2003,NH25,0,,0.99,1.75,0.6
2003,4,4/1/2003,NH25,0,,1.1,1.18,0
2003,5,5/6/2003,NH25,0,,0.92,0.89,-0.2
2003,5,5/21/2003,NH25,12.89161258,,0.92,0.89,-0.2
2003,6,6/5/2003,NH25,7.675912264,,0.78,0.68,-0.1
2003,7,7/3/2003,NH25,0,1.643559043,1.2,0.96,0.1
2003,8,8/5/2003,NH25,5.496064731,,0.78,0.88,0.2
2003,9,9/4/2003,NH25,0,,0.87,0.01,0.3
2003,9,9/17/2003,NH25,22.23481904,,0.87,0.01,0.3
2003,9,9/26/2003,NH25,4.485205511,,0.87,0.01,0.3
2003,10,10/23/2003,NH25,0.519635234,,1.29,0.83,0.4
2003,11,11/3/2003,NH25,0.563419314,,-0.11,0.52,0.4
2003,11,11/17/2003,NH25,0.424628652,,-0.11,0.52,0.4
2004,1,1/21/2004,NH25,0,,0.27,0.43,0.3
2004,2,2/4/2004,NH25,0,,0.67,0.48,0.2
2004,3,3/2/2004,NH25,0,,0.38,0.61,0.1
2004,3,3/16/2004,NH25,10.31991695,,0.38,0.61,0.1
2004,3,3/31/2004,NH25,7.811205147,,0.38,0.61,0.1
2004,4,4/28/2004,NH25,8.053582248,,0.13,0.57,0.1
2004,5,5/10/2004,NH25,16.86910957,,0.21,0.88,0.2
2004,5,5/25/2004,NH25,2.405841683,,0.21,0.88,0.2
2004,6,6/7/2004,NH25,33.20881765,,0.78,0.04,0.3
2004,6,6/27/2004,NH25,24.76904536,1.601406122,0.78,0.04,0.3
2004,6,6/29/2004,NH25,20.61814711,,0.78,0.04,0.3
2004,7,7/19/2004,NH25,3.851672509,,0.41,0.44,0.5
2004,8,8/2/2004,NH25,0,,0.69,0.85,0.7
2004,8,8/7/2004,NH25,3.331165407,,0.69,0.85,0.7
2004,8,8/17/2004,NH25,2.666077056,,0.69,0.85,0.7
2004,8,8/30/2004,NH25,0,1.273677202,0.69,0.85,0.7
2004,9,9/2/2004,NH25,4.350521074,1.03888712,0.38,0.75,0.7
2004,10,10/28/2004,NH25,0,,0.04,-0.11,0.7
2004,11,11/7/2004,NH25,0.687303706,,-0.44,-0.63,0.7
2004,11,11/22/2004,NH25,2.157776096,,-0.44,-0.63,0.7
2005,2,2/2/2005,NH25,0.838144464,,-1.49,0.81,0.6
2005,2,2/23/2005,NH25,1.43706146,,-1.49,0.81,0.6
2005,4,4/27/2005,NH25,8.800516873,,-1.69,1.03,0.5
2005,5,5/11/2005,NH25,2.091694278,,-0.79,1.86,0.4
2005,5,5/28/2005,NH25,3.104555515,,-0.79,1.86,0.4
2005,6,6/7/2005,NH25,7.048735246,,-1.28,1.17,0.2
2005,6,6/19/2005,NH25,8.282636564,,-1.28,1.17,0.2
2005,7,7/6/2005,NH25,1.715675354,,-1.66,0.66,0.1
2005,8,8/30/2005,NH25,7.139525367,,-1.13,0.25,0
2005,9,9/14/2005,NH25,10.4512136,1.126353576,-1.57,-0.46,0
2005,9,9/21/2005,NH25,10.79600698,,-1.57,-0.46,0
2005,10,10/21/2005,NH25,23.61315657,,-0.89,-1.32,-0.1
2005,11,11/15/2005,NH25,12.80338824,1.449011147,-1.66,-1.5,-0.4
2005,12,12/5/2005,NH25,1.458715811,1.573247647,-1.25,0.2,-0.7
2006,2,2/15/2006,NH25,1.59635478,1.749790318,-1.07,0.66,-0.6
2006,4,4/18/2006,NH25,67.84225945,1.799480805,-0.57,0.4,-0.2
2006,4,4/26/2006,NH25,17.13141496,1.734015973,-0.57,0.4,-0.2
2006,5,5/10/2006,NH25,10.64294918,1.638093247,-0.12,0.48,0
2006,5,5/30/2006,NH25,199.6707029,,-0.12,0.48,0
2006,6,6/15/2006,NH25,95.80840444,1.798759331,-0.13,1.04,0.1
2006,7,7/6/2006,NH25,14.14736008,1.368036103,-0.5,0.35,0.2
2006,8,8/10/2006,NH25,0,1.22757862,-0.37,-0.65,0.3
2006,8,8/29/2006,NH25,0,1.428908866,-0.37,-0.65,0.3
2006,9,9/18/2006,NH25,0,1.454461616,-0.34,-0.94,0.5
2006,9,9/26/2006,NH25,3.015035151,1.37584821,-0.34,-0.94,0.5
2006,10,10/12/2006,NH25,0,,-1.05,-0.05,0.8
2006,10,10/31/2006,NH25,1.199547599,1.104358898,-1.05,-0.05,0.8
2006,12,12/5/2006,NH25,1.735735526,1.809485441,-0.16,0.14,1
2007,1,1/12/2007,NH25,1.071769742,1.776177316,-0.41,0.01,0.7
2007,1,1/24/2007,NH25,0,1.767322416,-0.41,0.01,0.7
2007,2,2/13/2007,NH25,18.36639628,1.697083712,-0.14,0.04,0.3
2007,3,3/20/2007,NH25,0,1.669284477,-0.55,-0.36,0
2007,3,3/24/2007,NH25,0,1.729485617,-0.55,-0.36,0
2007,4,4/18/2007,NH25,13.30666007,1.635768819,0.26,0.16,-0.1
2007,5,5/15/2007,NH25,127.5673935,1.827594729,0.69,-0.1,-0.2
2007,6,6/12/2007,NH25,66.33577929,1.589566725,1.23,0.09,-0.2
2007,6,6/27/2007,NH25,7.395210951,1.72874701,1.23,0.09,-0.2
2007,7,7/14/2007,NH25,5.176647853,1.370476678,1.23,0.78,-0.3
2007,7,7/28/2007,NH25,1.915306502,1.346587861,1.23,0.78,-0.3
2007,8,8/7/2007,NH25,0,1.103734194,1.44,0.5,-0.6
2007,8,8/15/2007,NH25,0,1.088445438,1.44,0.5,-0.6
2007,8,8/30/2007,NH25,0,1.489727969,1.44,0.5,-0.6
2007,9,9/12/2007,NH25,0,1.329044377,0.91,-0.36,-0.8
2007,9,9/24/2007,NH25,0,0.9100382,0.91,-0.36,-0.8
2007,10,10/12/2007,NH25,1.399094014,1.17987454,1.27,-1.45,-1.1
2007,10,10/23/2007,NH25,0,1.85577931,1.27,-1.45,-1.1
2007,10,10/26/2007,NH25,0,1.706762529,1.27,-1.45,-1.1
2007,11,11/7/2007,NH25,0,1.867968329,0.73,-1.08,-1.2
2007,11,11/20/2007,NH25,0,1.460566259,0.73,-1.08,-1.2
2007,12,12/10/2007,NH25,1.796407583,1.645476705,0.46,-0.58,-1.3
2008,2,2/17/2008,NH25,0,1.646830099,1.14,-0.77,-1.3
2008,3,3/18/2008,NH25,0,1.573431342,1.37,-0.71,-1.1
2008,3,3/20/2008,NH25,1.397133365,,1.37,-0.71,-1.1
2008,4,4/12/2008,NH25,6.588259764,1.612255231,1.4,-1.52,-0.9
2008,4,4/22/2008,NH25,4.290473074,1.571313675,1.4,-1.52,-0.9
2008,5,5/1/2008,NH25,8.012748651,1.575553342,1.74,-1.37,-0.7
2008,5,5/9/2008,NH25,0,1.534304372,1.74,-1.37,-0.7
2008,5,5/22/2008,NH25,97.10128159,1.465957913,1.74,-1.37,-0.7
2008,5,5/27/2008,NH25,34.34328174,1.373769164,1.74,-1.37,-0.7
2008,6,6/11/2008,NH25,50.87836918,1.345164909,1.28,-1.34,-0.5
2008,6,6/29/2008,NH25,39.73947951,1.344310206,1.28,-1.34,-0.5
2008,7,7/1/2008,NH25,64.32876512,1.421342979,1.43,-1.67,-0.3
2008,7,7/12/2008,NH25,36.7526901,1.37396917,1.43,-1.67,-0.3
2008,7,7/19/2008,NH25,9.529447503,1.20846191,1.43,-1.67,-0.3
2008,8,8/12/2008,NH25,14.9595812,1.648270727,2.14,-1.7,-0.2
2008,8,8/22/2008,NH25,0,1.437992093,2.14,-1.7,-0.2
2008,9,9/16/2008,NH25,3.238766472,1.033756927,2.23,-1.55,-0.2
2008,9,9/23/2008,NH25,2.647068751,1.164940696,2.23,-1.55,-0.2
2008,10,10/1/2008,NH25,0,1.408153453,1.77,-1.76,-0.3
2008,10,10/12/2008,NH25,2.470597501,1.340919886,1.77,-1.76,-0.3
2008,10,10/27/2008,NH25,3.879068973,1.468234296,1.77,-1.76,-0.3
2008,11,11/24/2008,NH25,0,1.602070741,1.97,-1.25,-0.5
2008,12,12/8/2008,NH25,3.705896251,1.852540914,0.45,-0.87,-0.7
2009,1,1/14/2009,NH25,4.253724393,1.693518816,0.72,-1.4,-0.8
2009,1,1/23/2009,NH25,3.35470087,1.732740329,0.72,-1.4,-0.8
2009,2,2/4/2009,NH25,4.545562693,1.57448811,0.91,-1.55,-0.7
2009,2,2/17/2009,NH25,4.974357384,1.383371295,0.91,-1.55,-0.7
2009,3,3/6/2009,NH25,4.433221524,1.651613009,0.33,-1.59,-0.4
2009,4,4/23/2009,NH25,7.259684821,1.698321043,0.42,-1.65,-0.1
2009,5,5/7/2009,NH25,27.7652997,,0.55,-0.88,0.2
2009,5,5/16/2009,NH25,91.22206157,1.452758314,0.55,-0.88,0.2
2009,6,6/2/2009,NH25,66.77290302,1.453460012,0.37,-0.31,0.4
2009,6,6/14/2009,NH25,37.84745108,1.498694375,0.37,-0.31,0.4
2009,6,6/30/2009,NH25,0,1.181920892,0.37,-0.31,0.4
2009,7,7/10/2009,NH25,2.639816508,1.057115644,0.56,-0.53,0.5
2009,7,7/12/2009,NH25,9.245478879,0.971769783,0.56,-0.53,0.5
2009,7,7/28/2009,NH25,9.809725371,1.086020808,0.56,-0.53,0.5
2009,8,8/14/2009,NH25,0.627151673,1.268595913,0.72,0.09,0.6
2009,8,8/27/2009,NH25,1.690408755,1.097233816,0.72,0.09,0.6
2009,9,9/22/2009,NH25,1.905038968,1.517995989,0.98,0.52,0.7
2009,9,9/29/2009,NH25,0,1.273403042,0.98,0.52,0.7
2009,10,10/5/2009,NH25,3.935465046,1.496661796,1.15,0.27,1
2009,10,10/19/2009,NH25,0,1.565428638,1.15,0.27,1
2009,11,11/10/2009,NH25,0.973634483,1.973936137,1.05,-0.4,1.2
2010,2,2/9/2010,NH25,0,1.813730588,1.84,0.82,1.1
2010,2,2/22/2010,NH25,3.069106505,1.8653907,1.84,0.82,1.1
2010,3,3/19/2010,NH25,0,1.827720234,1.65,0.44,0.8
2010,4,4/11/2010,NH25,11.73481941,1.777009071,1.18,0.78,0.5
2010,5,5/5/2010,NH25,9.049533116,1.7466943,1.87,0.62,0
2010,5,5/15/2010,NH25,33.4032987,1.825827929,1.87,0.62,0
2010,5,5/30/2010,NH25,18.10819334,1.829496427,1.87,0.62,0
2010,6,6/5/2010,NH25,64.23164357,1.859261276,1.24,-0.22,-0.4
2010,6,6/18/2010,NH25,14.3496433,1.787091189,1.24,-0.22,-0.4
2010,6,6/26/2010,NH25,4.795735376,1.695465937,1.24,-0.22,-0.4
2010,6,6/28/2010,NH25,17.49771863,1.728840036,1.24,-0.22,-0.4
2010,7,7/20/2010,NH25,2.456555395,1.659504016,1.15,-1.05,-0.8
2010,7,7/29/2010,NH25,3.411262151,1.556695391,1.15,-1.05,-0.8
2010,8,8/7/2010,NH25,2.96484996,1.44020459,1.08,-1.27,-1.1
2010,8,8/18/2010,NH25,5.396693381,1.313372434,1.08,-1.27,-1.1
2010,9,9/3/2010,NH25,0,1.213385825,1,-1.61,-1.3
2010,9,9/9/2010,NH25,0,1.288036553,1,-1.61,-1.3
2010,9,9/20/2010,NH25,0,1.250573019,1,-1.61,-1.3
2010,9,9/28/2010,NH25,0,1.104312004,1,-1.61,-1.3
2010,10,10/6/2010,NH25,5.66398244,,1.61,-1.06,-1.4
2010,10,10/19/2010,NH25,0,1.143513866,1.61,-1.06,-1.4
2010,11,11/4/2010,NH25,8.794371235,1.611494902,0.99,-0.82,-1.3
2011,1,1/10/2011,NH25,7.831071373,1.765722122,0.32,-0.92,-1.3
2011,2,2/26/2011,NH25,3.638679497,1.733131618,0.55,-0.83,-1.1
2011,4,4/17/2011,NH25,1.390793486,1.772901915,0.6,-0.42,-0.6
2011,5,5/8/2011,NH25,25.70618101,1.684620649,1.39,-0.37,-0.3
2011,5,5/18/2011,NH25,13.50859812,1.733710442,1.39,-0.37,-0.3
2011,6,6/8/2011,NH25,17.15377477,1.680847487,1.11,-0.69,-0.2
2011,6,6/22/2011,NH25,21.49095155,1.629095415,1.11,-0.69,-0.2
2011,6,6/27/2011,NH25,24.94395648,1.653337203,1.11,-0.69,-0.2
2011,7,7/23/2011,NH25,0,1.388878814,1.04,-1.86,-0.3
2011,8,8/4/2011,NH25,0,1.010908619,1.04,-1.74,-0.5
2011,8,8/17/2011,NH25,8.776538888,0.965858767,1.04,-1.74,-0.5
2011,9,9/13/2011,NH25,0,1.272098757,1.33,-1.79,-0.7
2011,9,9/20/2011,NH25,0,1.030621575,1.33,-1.79,-0.7
2011,9,9/29/2011,NH25,0,1.209957931,1.33,-1.79,-0.7
2011,10,10/15/2011,NH25,2.116186893,1.361943574,1.2,-1.34,-0.9
2011,10,10/26/2011,NH25,2.504413615,1.536064092,1.2,-1.34,-0.9
2011,12,12/10/2011,NH25,0,1.59574892,0.13,-1.79,-0.8
2012,1,1/8/2012,NH25,0,1.687634871,0.83,-1.38,-0.7
2012,3,3/6/2012,NH25,1.787552019,1.617167693,1.12,-1.05,-0.5
2012,3,3/25/2012,NH25,1.526203034,1.643358627,1.12,-1.05,-0.5
2012,4,4/7/2012,NH25,0,1.680357394,1.93,-0.27,-0.4
2012,4,4/14/2012,NH25,0,1.677327249,1.93,-0.27,-0.4
2012,5,5/4/2012,NH25,8.526000882,1.71183673,1.63,-1.26,-0.3
2012,5,5/19/2012,NH25,168.5271684,1.654330455,1.63,-1.26,-0.3
2012,5,5/29/2012,NH25,41.79660877,1.657157148,1.63,-1.26,-0.3
2012,6,6/10/2012,NH25,37.48418676,1.744337655,1.94,-0.87,-0.1
2012,6,6/25/2012,NH25,6.674353582,,1.94,-0.87,-0.1
2012,7,7/19/2012,NH25,1.092752324,1.883868888,1.86,-1.52,0.1
2012,7,7/20/2012,NH25,1.086948249,,1.86,-1.52,0.1
2012,8,8/7/2012,NH25,0,1.23066,1.73,-1.93,0.3
2012,8,8/21/2012,NH25,0,1.13924088,1.73,-1.93,0.3
2012,9,9/6/2012,NH25,0,1.341095379,1.36,-2.21,0.4
2012,9,9/10/2012,NH25,0,1.25832014,1.36,-2.21,0.4
2012,9,9/29/2012,NH25,0,1.169448918,1.36,-2.21,0.4
2012,10,10/7/2012,NH25,0,,1.87,-0.79,0.4
2012,10,10/25/2012,NH25,0,1.231523031,1.87,-0.79,0.4
2012,11,11/13/2012,NH25,2.128919329,1.445299603,1.4,-0.59,0.2
2013,1,1/14/2013,NH25,5.608526576,1.767762173,1.23,-0.14,-0.4
2013,3,3/3/2013,NH25,37.56336114,1.615147799,0.64,-0.63,-0.3
2013,3,3/18/2013,NH25,19.09443179,1.580259029,0.64,-0.63,-0.3
2013,4,4/1/2013,NH25,12.30279826,,0.48,-0.16,-0.2
2013,4,4/27/2013,NH25,24.41031489,1.44864008,0.48,-0.16,-0.2
2013,5,5/8/2013,NH25,101.937475,1.489058438,0.85,0.08,-0.2
2013,5,5/30/2013,NH25,102.917643,1.206977158,0.85,0.08,-0.2
2013,6,6/27/2013,NH25,0,1.299190887,0.73,-0.78,-0.2
2013,7,7/29/2013,NH25,0,1.254506656,0.45,-1.25,-0.2
2013,8,8/9/2013,NH25,5.540130668,,0.56,-1.04,-0.2
2013,8,8/25/2013,NH25,0,1.023919113,0.56,-1.04,-0.2
2013,10,10/4/2013,NH25,0,1.417505993,-0.15,-0.87,-0.2
2013,10,10/22/2013,NH25,0,1.397762089,-0.15,-0.87,-0.2
2013,11,11/9/2013,NH25,0,1.120606177,-0.8,-0.11,-0.2
2013,12,12/9/2013,NH25,10.76494887,1.397351235,-1.45,-0.41,-0.3
2014,1,1/16/2014,NH25,0,1.334813567,-0.39,0.3,-0.5
2014,2,2/4/2014,NH25,0,1.631505098,-0.27,0.38,-0.6
2014,4,4/8/2014,NH25,0,1.740833557,-0.62,1.13,-0.2
2014,5,5/6/2014,NH25,6.60492247,1.718075096,0.23,1.8,0
2014,6,6/11/2014,NH25,6.98597569,1.708969123,-0.42,0.82,0
2014,6,6/27/2014,NH25,3.124408076,1.416741058,-0.42,0.82,0
2014,7,7/6/2014,NH25,0,1.25638542,-0.13,0.7,0
2014,7,7/22/2014,NH25,0,1.178385857,-0.13,0.7,0
2014,8,8/20/2014,NH25,0.953454124,1.123739511,-0.55,0.67,0
2014,9,9/30/2014,NH25,0,1.558950124,-0.78,1.08,0.2
2014,10,10/8/2014,NH25,0,1.626233448,0.42,1.49,0.4
2014,11,11/8/2014,NH25,0,1.858551472,0.31,1.72,0.6
2015,1,1/6/2015,NH25,0,1.943480693,-1.11,2.45,0.5
2015,1,1/21/2015,NH25,0,1.93270961,-1.11,2.45,0.5
2015,1,1/31/2015,NH25,0,1.916536009,-1.11,2.45,0.5
2015,2,2/18/2015,NH25,0,1.93044277,-1.47,2.3,0.4
2015,3,3/5/2015,NH25,0,1.873964625,-1.79,2,0.5
2015,3,3/26/2015,NH25,0,1.933897029,-1.79,2,0.5
2015,4,4/7/2015,NH25,1.349476459,,-1.39,1.44,0.7
2015,4,4/27/2015,NH25,7.052982305,1.658630485,-1.39,1.44,0.7
2015,5,5/7/2015,NH25,2.92306336,1.929130296,-0.52,1.2,0.9
2015,5,5/19/2015,NH25,11.14564021,1.294478363,-0.52,1.2,0.9
2015,6,6/9/2015,NH25,18.96810997,,-0.95,1.54,1
2015,6,6/28/2015,NH25,0.863548767,1.591128615,-0.95,1.54,1
2015,7,7/15/2015,NH25,0,1.160837435,-1.06,1.84,1.2
2015,7,7/26/2015,NH25,1.454923554,1.104604468,-1.06,1.84,1.2
2015,8,8/7/2015,NH25,24.12147471,1.517054152,-1.6,1.56,1.5
2015,8,8/27/2015,NH25,18.93856411,1.684915912,-1.6,1.56,1.5
2015,9,9/29/2015,NH25,7.483042472,1.373252601,-2.05,1.94,1.8
2015,10,10/7/2015,NH25,21.2929182,1.458958125,-2.16,1.47,2.1
2015,10,10/12/2015,NH25,18.96893025,1.632861683,-2.16,1.47,2.1
2015,11,11/4/2015,NH25,4.25624947,1.597384723,-2.25,0.86,2.2
2016,1,1/22/2016,NH25,0,,1.06,1.53,2.2
2016,2,2/16/2016,NH25,0,2.082105029,0.06,1.75,1.9
2016,3,3/26/2016,NH25,0,1.893008404,0.7,2.4,1.5
2016,4,4/28/2016,NH25,22.73508516,1.881989751,-0.17,2.62,1.1
2016,5,5/12/2016,NH25,21.78041289,1.698139096,-0.39,2.35,0.6
2016,6,6/12/2016,NH25,13.17363683,1.778154303,-0.07,2.03,0
